Country,Year,Cell_Phone_Total,Pop,Phones_Per_Person
Afghanistan,1960,0,0,"0/1.00 = 0.0000"
Afghanistan,1961,0,0,"0/1.00 = 0.0000"
Afghanistan,1962,0,0,"0/1.00 = 0.0000"
Afghanistan,1963,0,0,"0/1.00 = 0.0000"
Afghanistan,1964,0,0,"0/1.00 = 0.0000"
Afghanistan,1965,0,0,"0/1.00 = 0.0000"
Afghanistan,1966,0,0,"0/1.00 = 0.0000"
Afghanistan,1967,0,0,"0/1.00 = 0.0000"
Afghanistan,1968,0,0,"0/1.00 = 0.0000"
Afghanistan,1969,0,0,"0/1.00 = 0.0000"
Afghanistan,1970,0,0,"0/1.00 = 0.0000"
Afghanistan,1971,0,0,"0/1.00 = 0.0000"
Afghanistan,1972,0,0,"0/1.00 = 0.0000"
Afghanistan,1973,0,0,"0/1.00 = 0.0000"
Afghanistan,1974,0,0,"0/1.00 = 0.0000"
Afghanistan,1975,0,0,"0/1.00 = 0.0000"
Afghanistan,1976,0,0,"0/1.00 = 0.0000"
Afghanistan,1977,0,0,"0/1.00 = 0.0000"
Afghanistan,1978,0,0,"0/1.00 = 0.0000"
Afghanistan,1979,0,0,"0/1.00 = 0.0000"
Afghanistan,1980,0,0,"0/1.00 = 0.0000"
Afghanistan,1981,0,0,"0/1.00 = 0.0000"
Afghanistan,1982,0,0,"0/1.00 = 0.0000"
Afghanistan,1983,0,0,"0/1.00 = 0.0000"
Afghanistan,1984,0,0,"0/1.00 = 0.0000"
Afghanistan,1985,0,0,"0/1.00 = 0.0000"
Afghanistan,1986,0,0,"0/1.00 = 0.0000"
Afghanistan,1987,0,0,"0/1.00 = 0.0000"
Afghanistan,1988,0,0,"0/1.00 = 0.0000"
Afghanistan,1989,0,0,"0/1.00 = 0.0000"
Afghanistan,1990,0,0,"0/1.00 = 0.0000"
Afghanistan,1991,0,0,"0/1.00 = 0.0000"
Afghanistan,1992,0,0,"0/1.00 = 0.0000"
Afghanistan,1993,0,0,"0/1.00 = 0.0000"
Afghanistan,1994,0,0,"0/1.00 = 0.0000"
Afghanistan,1995,0,0,"0/1.00 = 0.0000"
Afghanistan,1996,0,0,"0/1.00 = 0.0000"
Afghanistan,1997,0,0,"0/1.00 = 0.0000"
Afghanistan,1998,0,0,"0/1.00 = 0.0000"
Afghanistan,1999,0,0,"0/1.00 = 0.0000"
Afghanistan,2000,0,0,"0/1.00 = 0.0000"
Afghanistan,2001,0,0,"0/1.00 = 0.0000"
Afghanistan,2002,0,0,"0/1.00 = 0.0000"
Afghanistan,2003,1,0,"1/1.00 = 1.0000"
Afghanistan,2004,3,0,"3/1.00 = 3.0000"
Afghanistan,2005,5,0,"5/1.00 = 5.0000"
Afghanistan,2006,10,0,"10/1.00 = 10.0000"
Afghanistan,2007,18,0,"18/1.00 = 18.0000"
Afghanistan,2008,30,0,"30/1.00 = 30.0000"
Afghanistan,2009,38,0,"38/1.00 = 38.0000"
Afghanistan,2010,36,0,"36/1.00 = 36.0000"
Afghanistan,2011,47,0,"47/1.00 = 47.0000"
Afghanistan,2012,50,0,"50/1.00 = 50.0000"
Afghanistan,2013,53,0,"53/1.00 = 53.0000"
Afghanistan,2014,56,0,"56/1.00 = 56.0000"
Afghanistan,2015,58,0,"58/1.00 = 58.0000"
Afghanistan,2016,62,0,"62/1.00 = 62.0000"
Afghanistan,2017,67,0,"67/1.00 = 67.0000"
Afghanistan,2018,60,0,"60/1.00 = 60.0000"
Afghanistan,2019,60,0,"60/1.00 = 60.0000"
Afghanistan,2020,58,0,"58/1.00 = 58.0000"
Afghanistan,2021,57,0,"57/1.00 = 57.0000"
Afghanistan,2022,0,0,"0/1.00 = 0.0000"
Albania,1960,0,0,"0/1.00 = 0.0000"
Albania,1961,0,0,"0/1.00 = 0.0000"
Albania,1962,0,0,"0/1.00 = 0.0000"
Albania,1963,0,0,"0/1.00 = 0.0000"
Albania,1964,0,0,"0/1.00 = 0.0000"
Albania,1965,0,0,"0/1.00 = 0.0000"
Albania,1966,0,0,"0/1.00 = 0.0000"
Albania,1967,0,0,"0/1.00 = 0.0000"
Albania,1968,0,0,"0/1.00 = 0.0000"
Albania,1969,0,0,"0/1.00 = 0.0000"
Albania,1970,0,0,"0/1.00 = 0.0000"
Albania,1971,0,0,"0/1.00 = 0.0000"
Albania,1972,0,0,"0/1.00 = 0.0000"
Albania,1973,0,0,"0/1.00 = 0.0000"
Albania,1974,0,0,"0/1.00 = 0.0000"
Albania,1975,0,0,"0/1.00 = 0.0000"
Albania,1976,0,0,"0/1.00 = 0.0000"
Albania,1977,0,0,"0/1.00 = 0.0000"
Albania,1978,0,0,"0/1.00 = 0.0000"
Albania,1979,0,0,"0/1.00 = 0.0000"
Albania,1980,0,0,"0/1.00 = 0.0000"
Albania,1981,0,0,"0/1.00 = 0.0000"
Albania,1982,0,0,"0/1.00 = 0.0000"
Albania,1983,0,0,"0/1.00 = 0.0000"
Albania,1984,0,0,"0/1.00 = 0.0000"
Albania,1985,0,0,"0/1.00 = 0.0000"
Albania,1986,0,0,"0/1.00 = 0.0000"
Albania,1987,0,0,"0/1.00 = 0.0000"
Albania,1988,0,0,"0/1.00 = 0.0000"
Albania,1989,0,0,"0/1.00 = 0.0000"
Albania,1990,0,0,"0/1.00 = 0.0000"
Albania,1991,0,0,"0/1.00 = 0.0000"
Albania,1992,0,0,"0/1.00 = 0.0000"
Albania,1993,0,0,"0/1.00 = 0.0000"
Albania,1994,0,0,"0/1.00 = 0.0000"
Albania,1995,0,0,"0/1.00 = 0.0000"
Albania,1996,0,0,"0/1.00 = 0.0000"
Albania,1997,0,0,"0/1.00 = 0.0000"
Albania,1998,0,0,"0/1.00 = 0.0000"
Albania,1999,0,0,"0/1.00 = 0.0000"
Albania,2000,1,0,"1/1.00 = 1.0000"
Albania,2001,13,0,"13/1.00 = 13.0000"
Albania,2002,27,0,"27/1.00 = 27.0000"
Albania,2003,36,0,"36/1.00 = 36.0000"
Albania,2004,41,0,"41/1.00 = 41.0000"
Albania,2005,51,0,"51/1.00 = 51.0000"
Albania,2006,64,0,"64/1.00 = 64.0000"
Albania,2007,78,0,"78/1.00 = 78.0000"
Albania,2008,63,0,"63/1.00 = 63.0000"
Albania,2009,84,0,"84/1.00 = 84.0000"
Albania,2010,92,0,"92/1.00 = 92.0000"
Albania,2011,107,0,"107/1.00 = 107.0000"
Albania,2012,121,0,"121/1.00 = 121.0000"
Albania,2013,128,0,"128/1.00 = 128.0000"
Albania,2014,116,0,"116/1.00 = 116.0000"
Albania,2015,118,0,"118/1.00 = 118.0000"
Albania,2016,117,0,"117/1.00 = 117.0000"
Albania,2017,126,0,"126/1.00 = 126.0000"
Albania,2018,94,0,"94/1.00 = 94.0000"
Albania,2019,92,0,"92/1.00 = 92.0000"
Albania,2020,91,0,"91/1.00 = 91.0000"
Albania,2021,92,0,"92/1.00 = 92.0000"
Albania,2022,98,0,"98/1.00 = 98.0000"
Algeria,1960,0,0,"0/1.00 = 0.0000"
Algeria,1961,0,0,"0/1.00 = 0.0000"
Algeria,1962,0,0,"0/1.00 = 0.0000"
Algeria,1963,0,0,"0/1.00 = 0.0000"
Algeria,1964,0,0,"0/1.00 = 0.0000"
Algeria,1965,0,0,"0/1.00 = 0.0000"
Algeria,1966,0,0,"0/1.00 = 0.0000"
Algeria,1967,0,0,"0/1.00 = 0.0000"
Algeria,1968,0,0,"0/1.00 = 0.0000"
Algeria,1969,0,0,"0/1.00 = 0.0000"
Algeria,1970,0,0,"0/1.00 = 0.0000"
Algeria,1971,0,0,"0/1.00 = 0.0000"
Algeria,1972,0,0,"0/1.00 = 0.0000"
Algeria,1973,0,0,"0/1.00 = 0.0000"
Algeria,1974,0,0,"0/1.00 = 0.0000"
Algeria,1975,0,0,"0/1.00 = 0.0000"
Algeria,1976,0,0,"0/1.00 = 0.0000"
Algeria,1977,0,0,"0/1.00 = 0.0000"
Algeria,1978,0,0,"0/1.00 = 0.0000"
Algeria,1979,0,0,"0/1.00 = 0.0000"
Algeria,1980,0,0,"0/1.00 = 0.0000"
Algeria,1981,0,0,"0/1.00 = 0.0000"
Algeria,1982,0,0,"0/1.00 = 0.0000"
Algeria,1983,0,0,"0/1.00 = 0.0000"
Algeria,1984,0,0,"0/1.00 = 0.0000"
Algeria,1985,0,0,"0/1.00 = 0.0000"
Algeria,1986,0,0,"0/1.00 = 0.0000"
Algeria,1987,0,0,"0/1.00 = 0.0000"
Algeria,1988,0,0,"0/1.00 = 0.0000"
Algeria,1989,0,0,"0/1.00 = 0.0000"
Algeria,1990,0,0,"0/1.00 = 0.0000"
Algeria,1991,0,0,"0/1.00 = 0.0000"
Algeria,1992,0,0,"0/1.00 = 0.0000"
Algeria,1993,0,0,"0/1.00 = 0.0000"
Algeria,1994,0,0,"0/1.00 = 0.0000"
Algeria,1995,0,0,"0/1.00 = 0.0000"
Algeria,1996,0,0,"0/1.00 = 0.0000"
Algeria,1997,0,0,"0/1.00 = 0.0000"
Algeria,1998,0,0,"0/1.00 = 0.0000"
Algeria,1999,0,0,"0/1.00 = 0.0000"
Algeria,2000,0,0,"0/1.00 = 0.0000"
Algeria,2001,0,0,"0/1.00 = 0.0000"
Algeria,2002,1,0,"1/1.00 = 1.0000"
Algeria,2003,5,0,"5/1.00 = 5.0000"
Algeria,2004,15,0,"15/1.00 = 15.0000"
Algeria,2005,42,0,"42/1.00 = 42.0000"
Algeria,2006,63,0,"63/1.00 = 63.0000"
Algeria,2007,81,0,"81/1.00 = 81.0000"
Algeria,2008,78,0,"78/1.00 = 78.0000"
Algeria,2009,93,0,"93/1.00 = 93.0000"
Algeria,2010,91,0,"91/1.00 = 91.0000"
Algeria,2011,98,0,"98/1.00 = 98.0000"
Algeria,2012,101,0,"101/1.00 = 101.0000"
Algeria,2013,104,0,"104/1.00 = 104.0000"
Algeria,2014,112,0,"112/1.00 = 112.0000"
Algeria,2015,109,0,"109/1.00 = 109.0000"
Algeria,2016,117,0,"117/1.00 = 117.0000"
Algeria,2017,111,0,"111/1.00 = 111.0000"
Algeria,2018,112,0,"112/1.00 = 112.0000"
Algeria,2019,106,0,"106/1.00 = 106.0000"
Algeria,2020,105,0,"105/1.00 = 105.0000"
Algeria,2021,106,0,"106/1.00 = 106.0000"
Algeria,2022,109,0,"109/1.00 = 109.0000"
"American Samoa",1960,0,0,"0/1.00 = 0.0000"
"American Samoa",1961,0,0,"0/1.00 = 0.0000"
"American Samoa",1962,0,0,"0/1.00 = 0.0000"
"American Samoa",1963,0,0,"0/1.00 = 0.0000"
"American Samoa",1964,0,0,"0/1.00 = 0.0000"
"American Samoa",1965,0,0,"0/1.00 = 0.0000"
"American Samoa",1966,0,0,"0/1.00 = 0.0000"
"American Samoa",1967,0,0,"0/1.00 = 0.0000"
"American Samoa",1968,0,0,"0/1.00 = 0.0000"
"American Samoa",1969,0,0,"0/1.00 = 0.0000"
"American Samoa",1970,0,0,"0/1.00 = 0.0000"
"American Samoa",1971,0,0,"0/1.00 = 0.0000"
"American Samoa",1972,0,0,"0/1.00 = 0.0000"
"American Samoa",1973,0,0,"0/1.00 = 0.0000"
"American Samoa",1974,0,0,"0/1.00 = 0.0000"
"American Samoa",1975,0,0,"0/1.00 = 0.0000"
"American Samoa",1976,0,0,"0/1.00 = 0.0000"
"American Samoa",1977,0,0,"0/1.00 = 0.0000"
"American Samoa",1978,0,0,"0/1.00 = 0.0000"
"American Samoa",1979,0,0,"0/1.00 = 0.0000"
"American Samoa",1980,0,0,"0/1.00 = 0.0000"
"American Samoa",1981,0,0,"0/1.00 = 0.0000"
"American Samoa",1982,0,0,"0/1.00 = 0.0000"
"American Samoa",1983,0,0,"0/1.00 = 0.0000"
"American Samoa",1984,0,0,"0/1.00 = 0.0000"
"American Samoa",1985,0,0,"0/1.00 = 0.0000"
"American Samoa",1986,0,0,"0/1.00 = 0.0000"
"American Samoa",1987,0,0,"0/1.00 = 0.0000"
"American Samoa",1988,0,0,"0/1.00 = 0.0000"
"American Samoa",1989,0,0,"0/1.00 = 0.0000"
"American Samoa",1990,0,0,"0/1.00 = 0.0000"
"American Samoa",1991,0,0,"0/1.00 = 0.0000"
"American Samoa",1992,1,0,"1/1.00 = 1.0000"
"American Samoa",1993,2,0,"2/1.00 = 2.0000"
"American Samoa",1994,2,0,"2/1.00 = 2.0000"
"American Samoa",1995,2,0,"2/1.00 = 2.0000"
"American Samoa",1996,2,0,"2/1.00 = 2.0000"
"American Samoa",1997,3,0,"3/1.00 = 3.0000"
"American Samoa",1998,3,0,"3/1.00 = 3.0000"
"American Samoa",1999,3,0,"3/1.00 = 3.0000"
"American Samoa",2000,3,0,"3/1.00 = 3.0000"
"American Samoa",2001,4,0,"4/1.00 = 4.0000"
"American Samoa",2002,4,0,"4/1.00 = 4.0000"
"American Samoa",2003,4,0,"4/1.00 = 4.0000"
"American Samoa",2004,4,0,"4/1.00 = 4.0000"
"American Samoa",2005,0,0,"0/1.00 = 0.0000"
"American Samoa",2006,0,0,"0/1.00 = 0.0000"
"American Samoa",2007,0,0,"0/1.00 = 0.0000"
"American Samoa",2008,0,0,"0/1.00 = 0.0000"
"American Samoa",2009,0,0,"0/1.00 = 0.0000"
"American Samoa",2010,0,0,"0/1.00 = 0.0000"
"American Samoa",2011,0,0,"0/1.00 = 0.0000"
"American Samoa",2012,0,0,"0/1.00 = 0.0000"
"American Samoa",2013,0,0,"0/1.00 = 0.0000"
"American Samoa",2014,0,0,"0/1.00 = 0.0000"
"American Samoa",2015,0,0,"0/1.00 = 0.0000"
"American Samoa",2016,0,0,"0/1.00 = 0.0000"
"American Samoa",2017,0,0,"0/1.00 = 0.0000"
"American Samoa",2018,0,0,"0/1.00 = 0.0000"
"American Samoa",2019,0,0,"0/1.00 = 0.0000"
"American Samoa",2020,0,0,"0/1.00 = 0.0000"
"American Samoa",2021,0,0,"0/1.00 = 0.0000"
"American Samoa",2022,0,0,"0/1.00 = 0.0000"
Andorra,1960,0,0,"0/1.00 = 0.0000"
Andorra,1961,0,0,"0/1.00 = 0.0000"
Andorra,1962,0,0,"0/1.00 = 0.0000"
Andorra,1963,0,0,"0/1.00 = 0.0000"
Andorra,1964,0,0,"0/1.00 = 0.0000"
Andorra,1965,0,0,"0/1.00 = 0.0000"
Andorra,1966,0,0,"0/1.00 = 0.0000"
Andorra,1967,0,0,"0/1.00 = 0.0000"
Andorra,1968,0,0,"0/1.00 = 0.0000"
Andorra,1969,0,0,"0/1.00 = 0.0000"
Andorra,1970,0,0,"0/1.00 = 0.0000"
Andorra,1971,0,0,"0/1.00 = 0.0000"
Andorra,1972,0,0,"0/1.00 = 0.0000"
Andorra,1973,0,0,"0/1.00 = 0.0000"
Andorra,1974,0,0,"0/1.00 = 0.0000"
Andorra,1975,0,0,"0/1.00 = 0.0000"
Andorra,1976,0,0,"0/1.00 = 0.0000"
Andorra,1977,0,0,"0/1.00 = 0.0000"
Andorra,1978,0,0,"0/1.00 = 0.0000"
Andorra,1979,0,0,"0/1.00 = 0.0000"
Andorra,1980,0,0,"0/1.00 = 0.0000"
Andorra,1981,0,0,"0/1.00 = 0.0000"
Andorra,1982,0,0,"0/1.00 = 0.0000"
Andorra,1983,0,0,"0/1.00 = 0.0000"
Andorra,1984,0,0,"0/1.00 = 0.0000"
Andorra,1985,0,0,"0/1.00 = 0.0000"
Andorra,1986,0,0,"0/1.00 = 0.0000"
Andorra,1987,0,0,"0/1.00 = 0.0000"
Andorra,1988,0,0,"0/1.00 = 0.0000"
Andorra,1989,0,0,"0/1.00 = 0.0000"
Andorra,1990,0,0,"0/1.00 = 0.0000"
Andorra,1991,0,0,"0/1.00 = 0.0000"
Andorra,1992,1,0,"1/1.00 = 1.0000"
Andorra,1993,1,0,"1/1.00 = 1.0000"
Andorra,1994,1,0,"1/1.00 = 1.0000"
Andorra,1995,4,0,"4/1.00 = 4.0000"
Andorra,1996,9,0,"9/1.00 = 9.0000"
Andorra,1997,13,0,"13/1.00 = 13.0000"
Andorra,1998,22,0,"22/1.00 = 22.0000"
Andorra,1999,31,0,"31/1.00 = 31.0000"
Andorra,2000,36,0,"36/1.00 = 36.0000"
Andorra,2001,43,0,"43/1.00 = 43.0000"
Andorra,2002,46,0,"46/1.00 = 46.0000"
Andorra,2003,70,0,"70/1.00 = 70.0000"
Andorra,2004,76,0,"76/1.00 = 76.0000"
Andorra,2005,81,0,"81/1.00 = 81.0000"
Andorra,2006,86,0,"86/1.00 = 86.0000"
Andorra,2007,81,0,"81/1.00 = 81.0000"
Andorra,2008,84,0,"84/1.00 = 84.0000"
Andorra,2009,87,0,"87/1.00 = 87.0000"
Andorra,2010,92,0,"92/1.00 = 92.0000"
Andorra,2011,92,0,"92/1.00 = 92.0000"
Andorra,2012,90,0,"90/1.00 = 90.0000"
Andorra,2013,90,0,"90/1.00 = 90.0000"
Andorra,2014,93,0,"93/1.00 = 93.0000"
Andorra,2015,99,0,"99/1.00 = 99.0000"
Andorra,2016,105,0,"105/1.00 = 105.0000"
Andorra,2017,109,0,"109/1.00 = 109.0000"
Andorra,2018,110,0,"110/1.00 = 110.0000"
Andorra,2019,115,0,"115/1.00 = 115.0000"
Andorra,2020,103,0,"103/1.00 = 103.0000"
Andorra,2021,119,0,"119/1.00 = 119.0000"
Andorra,2022,142,0,"142/1.00 = 142.0000"
Angola,1960,0,0,"0/1.00 = 0.0000"
Angola,1961,0,0,"0/1.00 = 0.0000"
Angola,1962,0,0,"0/1.00 = 0.0000"
Angola,1963,0,0,"0/1.00 = 0.0000"
Angola,1964,0,0,"0/1.00 = 0.0000"
Angola,1965,0,0,"0/1.00 = 0.0000"
Angola,1966,0,0,"0/1.00 = 0.0000"
Angola,1967,0,0,"0/1.00 = 0.0000"
Angola,1968,0,0,"0/1.00 = 0.0000"
Angola,1969,0,0,"0/1.00 = 0.0000"
Angola,1970,0,0,"0/1.00 = 0.0000"
Angola,1971,0,0,"0/1.00 = 0.0000"
Angola,1972,0,0,"0/1.00 = 0.0000"
Angola,1973,0,0,"0/1.00 = 0.0000"
Angola,1974,0,0,"0/1.00 = 0.0000"
Angola,1975,0,0,"0/1.00 = 0.0000"
Angola,1976,0,0,"0/1.00 = 0.0000"
Angola,1977,0,0,"0/1.00 = 0.0000"
Angola,1978,0,0,"0/1.00 = 0.0000"
Angola,1979,0,0,"0/1.00 = 0.0000"
Angola,1980,0,0,"0/1.00 = 0.0000"
Angola,1981,0,0,"0/1.00 = 0.0000"
Angola,1982,0,0,"0/1.00 = 0.0000"
Angola,1983,0,0,"0/1.00 = 0.0000"
Angola,1984,0,0,"0/1.00 = 0.0000"
Angola,1985,0,0,"0/1.00 = 0.0000"
Angola,1986,0,0,"0/1.00 = 0.0000"
Angola,1987,0,0,"0/1.00 = 0.0000"
Angola,1988,0,0,"0/1.00 = 0.0000"
Angola,1989,0,0,"0/1.00 = 0.0000"
Angola,1990,0,0,"0/1.00 = 0.0000"
Angola,1991,0,0,"0/1.00 = 0.0000"
Angola,1992,0,0,"0/1.00 = 0.0000"
Angola,1993,0,0,"0/1.00 = 0.0000"
Angola,1994,0,0,"0/1.00 = 0.0000"
Angola,1995,0,0,"0/1.00 = 0.0000"
Angola,1996,0,0,"0/1.00 = 0.0000"
Angola,1997,0,0,"0/1.00 = 0.0000"
Angola,1998,0,0,"0/1.00 = 0.0000"
Angola,1999,0,0,"0/1.00 = 0.0000"
Angola,2000,0,0,"0/1.00 = 0.0000"
Angola,2001,0,0,"0/1.00 = 0.0000"
Angola,2002,1,0,"1/1.00 = 1.0000"
Angola,2003,2,0,"2/1.00 = 2.0000"
Angola,2004,4,0,"4/1.00 = 4.0000"
Angola,2005,8,0,"8/1.00 = 8.0000"
Angola,2006,15,0,"15/1.00 = 15.0000"
Angola,2007,24,0,"24/1.00 = 24.0000"
Angola,2008,31,0,"31/1.00 = 31.0000"
Angola,2009,36,0,"36/1.00 = 36.0000"
Angola,2010,40,0,"40/1.00 = 40.0000"
Angola,2011,50,0,"50/1.00 = 50.0000"
Angola,2012,51,0,"51/1.00 = 51.0000"
Angola,2013,51,0,"51/1.00 = 51.0000"
Angola,2014,52,0,"52/1.00 = 52.0000"
Angola,2015,49,0,"49/1.00 = 49.0000"
Angola,2016,45,0,"45/1.00 = 45.0000"
Angola,2017,44,0,"44/1.00 = 44.0000"
Angola,2018,43,0,"43/1.00 = 43.0000"
Angola,2019,46,0,"46/1.00 = 46.0000"
Angola,2020,44,0,"44/1.00 = 44.0000"
Angola,2021,44,0,"44/1.00 = 44.0000"
Angola,2022,67,0,"67/1.00 = 67.0000"
"Antigua and Barbuda",1960,0,0,"0/1.00 = 0.0000"
"Antigua and Barbuda",1961,0,0,"0/1.00 = 0.0000"
"Antigua and Barbuda",1962,0,0,"0/1.00 = 0.0000"
"Antigua and Barbuda",1963,0,0,"0/1.00 = 0.0000"
"Antigua and Barbuda",1964,0,0,"0/1.00 = 0.0000"
"Antigua and Barbuda",1965,0,0,"0/1.00 = 0.0000"
"Antigua and Barbuda",1966,0,0,"0/1.00 = 0.0000"
"Antigua and Barbuda",1967,0,0,"0/1.00 = 0.0000"
"Antigua and Barbuda",1968,0,0,"0/1.00 = 0.0000"
"Antigua and Barbuda",1969,0,0,"0/1.00 = 0.0000"
"Antigua and Barbuda",1970,0,0,"0/1.00 = 0.0000"
"Antigua and Barbuda",1971,0,0,"0/1.00 = 0.0000"
"Antigua and Barbuda",1972,0,0,"0/1.00 = 0.0000"
"Antigua and Barbuda",1973,0,0,"0/1.00 = 0.0000"
"Antigua and Barbuda",1974,0,0,"0/1.00 = 0.0000"
"Antigua and Barbuda",1975,0,0,"0/1.00 = 0.0000"
"Antigua and Barbuda",1976,0,0,"0/1.00 = 0.0000"
"Antigua and Barbuda",1977,0,0,"0/1.00 = 0.0000"
"Antigua and Barbuda",1978,0,0,"0/1.00 = 0.0000"
"Antigua and Barbuda",1979,0,0,"0/1.00 = 0.0000"
"Antigua and Barbuda",1980,0,0,"0/1.00 = 0.0000"
"Antigua and Barbuda",1981,0,0,"0/1.00 = 0.0000"
"Antigua and Barbuda",1982,0,0,"0/1.00 = 0.0000"
"Antigua and Barbuda",1983,0,0,"0/1.00 = 0.0000"
"Antigua and Barbuda",1984,0,0,"0/1.00 = 0.0000"
"Antigua and Barbuda",1985,0,0,"0/1.00 = 0.0000"
"Antigua and Barbuda",1986,0,0,"0/1.00 = 0.0000"
"Antigua and Barbuda",1987,0,0,"0/1.00 = 0.0000"
"Antigua and Barbuda",1988,0,0,"0/1.00 = 0.0000"
"Antigua and Barbuda",1989,0,0,"0/1.00 = 0.0000"
"Antigua and Barbuda",1990,0,0,"0/1.00 = 0.0000"
"Antigua and Barbuda",1991,0,0,"0/1.00 = 0.0000"
"Antigua and Barbuda",1992,0,0,"0/1.00 = 0.0000"
"Antigua and Barbuda",1993,0,0,"0/1.00 = 0.0000"
"Antigua and Barbuda",1994,0,0,"0/1.00 = 0.0000"
"Antigua and Barbuda",1995,0,0,"0/1.00 = 0.0000"
"Antigua and Barbuda",1996,2,0,"2/1.00 = 2.0000"
"Antigua and Barbuda",1997,2,0,"2/1.00 = 2.0000"
"Antigua and Barbuda",1998,2,0,"2/1.00 = 2.0000"
"Antigua and Barbuda",1999,12,0,"12/1.00 = 12.0000"
"Antigua and Barbuda",2000,29,0,"29/1.00 = 29.0000"
"Antigua and Barbuda",2001,33,0,"33/1.00 = 33.0000"
"Antigua and Barbuda",2002,50,0,"50/1.00 = 50.0000"
"Antigua and Barbuda",2003,59,0,"59/1.00 = 59.0000"
"Antigua and Barbuda",2004,68,0,"68/1.00 = 68.0000"
"Antigua and Barbuda",2005,108,0,"108/1.00 = 108.0000"
"Antigua and Barbuda",2006,136,0,"136/1.00 = 136.0000"
"Antigua and Barbuda",2007,137,0,"137/1.00 = 137.0000"
"Antigua and Barbuda",2008,164,0,"164/1.00 = 164.0000"
"Antigua and Barbuda",2009,160,0,"160/1.00 = 160.0000"
"Antigua and Barbuda",2010,196,0,"196/1.00 = 196.0000"
"Antigua and Barbuda",2011,203,0,"203/1.00 = 203.0000"
"Antigua and Barbuda",2012,145,0,"145/1.00 = 145.0000"
"Antigua and Barbuda",2013,129,0,"129/1.00 = 129.0000"
"Antigua and Barbuda",2014,135,0,"135/1.00 = 135.0000"
"Antigua and Barbuda",2015,196,0,"196/1.00 = 196.0000"
"Antigua and Barbuda",2016,199,0,"199/1.00 = 199.0000"
"Antigua and Barbuda",2017,202,0,"202/1.00 = 202.0000"
"Antigua and Barbuda",2018,0,0,"0/1.00 = 0.0000"
"Antigua and Barbuda",2019,200,0,"200/1.00 = 200.0000"
"Antigua and Barbuda",2020,199,0,"199/1.00 = 199.0000"
"Antigua and Barbuda",2021,197,0,"197/1.00 = 197.0000"
"Antigua and Barbuda",2022,0,0,"0/1.00 = 0.0000"
Argentina,1960,0,0,"0/1.00 = 0.0000"
Argentina,1961,0,0,"0/1.00 = 0.0000"
Argentina,1962,0,0,"0/1.00 = 0.0000"
Argentina,1963,0,0,"0/1.00 = 0.0000"
Argentina,1964,0,0,"0/1.00 = 0.0000"
Argentina,1965,0,0,"0/1.00 = 0.0000"
Argentina,1966,0,0,"0/1.00 = 0.0000"
Argentina,1967,0,0,"0/1.00 = 0.0000"
Argentina,1968,0,0,"0/1.00 = 0.0000"
Argentina,1969,0,0,"0/1.00 = 0.0000"
Argentina,1970,0,0,"0/1.00 = 0.0000"
Argentina,1971,0,0,"0/1.00 = 0.0000"
Argentina,1972,0,0,"0/1.00 = 0.0000"
Argentina,1973,0,0,"0/1.00 = 0.0000"
Argentina,1974,0,0,"0/1.00 = 0.0000"
Argentina,1975,0,0,"0/1.00 = 0.0000"
Argentina,1976,0,0,"0/1.00 = 0.0000"
Argentina,1977,0,0,"0/1.00 = 0.0000"
Argentina,1978,0,0,"0/1.00 = 0.0000"
Argentina,1979,0,0,"0/1.00 = 0.0000"
Argentina,1980,0,0,"0/1.00 = 0.0000"
Argentina,1981,0,0,"0/1.00 = 0.0000"
Argentina,1982,0,0,"0/1.00 = 0.0000"
Argentina,1983,0,0,"0/1.00 = 0.0000"
Argentina,1984,0,0,"0/1.00 = 0.0000"
Argentina,1985,0,0,"0/1.00 = 0.0000"
Argentina,1986,0,0,"0/1.00 = 0.0000"
Argentina,1987,0,0,"0/1.00 = 0.0000"
Argentina,1988,0,0,"0/1.00 = 0.0000"
Argentina,1989,0,0,"0/1.00 = 0.0000"
Argentina,1990,0,0,"0/1.00 = 0.0000"
Argentina,1991,0,0,"0/1.00 = 0.0000"
Argentina,1992,0,0,"0/1.00 = 0.0000"
Argentina,1993,0,0,"0/1.00 = 0.0000"
Argentina,1994,1,0,"1/1.00 = 1.0000"
Argentina,1995,1,0,"1/1.00 = 1.0000"
Argentina,1996,2,0,"2/1.00 = 2.0000"
Argentina,1997,6,0,"6/1.00 = 6.0000"
Argentina,1998,7,0,"7/1.00 = 7.0000"
Argentina,1999,11,0,"11/1.00 = 11.0000"
Argentina,2000,18,0,"18/1.00 = 18.0000"
Argentina,2001,18,0,"18/1.00 = 18.0000"
Argentina,2002,17,0,"17/1.00 = 17.0000"
Argentina,2003,21,0,"21/1.00 = 21.0000"
Argentina,2004,35,0,"35/1.00 = 35.0000"
Argentina,2005,57,0,"57/1.00 = 57.0000"
Argentina,2006,80,0,"80/1.00 = 80.0000"
Argentina,2007,101,0,"101/1.00 = 101.0000"
Argentina,2008,115,0,"115/1.00 = 115.0000"
Argentina,2009,129,0,"129/1.00 = 129.0000"
Argentina,2010,139,0,"139/1.00 = 139.0000"
Argentina,2011,146,0,"146/1.00 = 146.0000"
Argentina,2012,153,0,"153/1.00 = 153.0000"
Argentina,2013,159,0,"159/1.00 = 159.0000"
Argentina,2014,143,0,"143/1.00 = 143.0000"
Argentina,2015,143,0,"143/1.00 = 143.0000"
Argentina,2016,146,0,"146/1.00 = 146.0000"
Argentina,2017,141,0,"141/1.00 = 141.0000"
Argentina,2018,132,0,"132/1.00 = 132.0000"
Argentina,2019,126,0,"126/1.00 = 126.0000"
Argentina,2020,122,0,"122/1.00 = 122.0000"
Argentina,2021,130,0,"130/1.00 = 130.0000"
Argentina,2022,132,0,"132/1.00 = 132.0000"
Armenia,1960,0,0,"0/1.00 = 0.0000"
Armenia,1961,0,0,"0/1.00 = 0.0000"
Armenia,1962,0,0,"0/1.00 = 0.0000"
Armenia,1963,0,0,"0/1.00 = 0.0000"
Armenia,1964,0,0,"0/1.00 = 0.0000"
Armenia,1965,0,0,"0/1.00 = 0.0000"
Armenia,1966,0,0,"0/1.00 = 0.0000"
Armenia,1967,0,0,"0/1.00 = 0.0000"
Armenia,1968,0,0,"0/1.00 = 0.0000"
Armenia,1969,0,0,"0/1.00 = 0.0000"
Armenia,1970,0,0,"0/1.00 = 0.0000"
Armenia,1971,0,0,"0/1.00 = 0.0000"
Armenia,1972,0,0,"0/1.00 = 0.0000"
Armenia,1973,0,0,"0/1.00 = 0.0000"
Armenia,1974,0,0,"0/1.00 = 0.0000"
Armenia,1975,0,0,"0/1.00 = 0.0000"
Armenia,1976,0,0,"0/1.00 = 0.0000"
Armenia,1977,0,0,"0/1.00 = 0.0000"
Armenia,1978,0,0,"0/1.00 = 0.0000"
Armenia,1979,0,0,"0/1.00 = 0.0000"
Armenia,1980,0,0,"0/1.00 = 0.0000"
Armenia,1981,0,0,"0/1.00 = 0.0000"
Armenia,1982,0,0,"0/1.00 = 0.0000"
Armenia,1983,0,0,"0/1.00 = 0.0000"
Armenia,1984,0,0,"0/1.00 = 0.0000"
Armenia,1985,0,0,"0/1.00 = 0.0000"
Armenia,1986,0,0,"0/1.00 = 0.0000"
Armenia,1987,0,0,"0/1.00 = 0.0000"
Armenia,1988,0,0,"0/1.00 = 0.0000"
Armenia,1989,0,0,"0/1.00 = 0.0000"
Armenia,1990,0,0,"0/1.00 = 0.0000"
Armenia,1991,0,0,"0/1.00 = 0.0000"
Armenia,1992,0,0,"0/1.00 = 0.0000"
Armenia,1993,0,0,"0/1.00 = 0.0000"
Armenia,1994,0,0,"0/1.00 = 0.0000"
Armenia,1995,0,0,"0/1.00 = 0.0000"
Armenia,1996,0,0,"0/1.00 = 0.0000"
Armenia,1997,0,0,"0/1.00 = 0.0000"
Armenia,1998,0,0,"0/1.00 = 0.0000"
Armenia,1999,0,0,"0/1.00 = 0.0000"
Armenia,2000,1,0,"1/1.00 = 1.0000"
Armenia,2001,1,0,"1/1.00 = 1.0000"
Armenia,2002,2,0,"2/1.00 = 2.0000"
Armenia,2003,4,0,"4/1.00 = 4.0000"
Armenia,2004,7,0,"7/1.00 = 7.0000"
Armenia,2005,10,0,"10/1.00 = 10.0000"
Armenia,2006,42,0,"42/1.00 = 42.0000"
Armenia,2007,63,0,"63/1.00 = 63.0000"
Armenia,2008,48,0,"48/1.00 = 48.0000"
Armenia,2009,74,0,"74/1.00 = 74.0000"
Armenia,2010,131,0,"131/1.00 = 131.0000"
Armenia,2011,110,0,"110/1.00 = 110.0000"
Armenia,2012,114,0,"114/1.00 = 114.0000"
Armenia,2013,115,0,"115/1.00 = 115.0000"
Armenia,2014,120,0,"120/1.00 = 120.0000"
Armenia,2015,120,0,"120/1.00 = 120.0000"
Armenia,2016,120,0,"120/1.00 = 120.0000"
Armenia,2017,122,0,"122/1.00 = 122.0000"
Armenia,2018,126,0,"126/1.00 = 126.0000"
Armenia,2019,128,0,"128/1.00 = 128.0000"
Armenia,2020,124,0,"124/1.00 = 124.0000"
Armenia,2021,129,0,"129/1.00 = 129.0000"
Armenia,2022,135,0,"135/1.00 = 135.0000"
Aruba,1960,0,0,"0/1.00 = 0.0000"
Aruba,1961,0,0,"0/1.00 = 0.0000"
Aruba,1962,0,0,"0/1.00 = 0.0000"
Aruba,1963,0,0,"0/1.00 = 0.0000"
Aruba,1964,0,0,"0/1.00 = 0.0000"
Aruba,1965,0,0,"0/1.00 = 0.0000"
Aruba,1966,0,0,"0/1.00 = 0.0000"
Aruba,1967,0,0,"0/1.00 = 0.0000"
Aruba,1968,0,0,"0/1.00 = 0.0000"
Aruba,1969,0,0,"0/1.00 = 0.0000"
Aruba,1970,0,0,"0/1.00 = 0.0000"
Aruba,1971,0,0,"0/1.00 = 0.0000"
Aruba,1972,0,0,"0/1.00 = 0.0000"
Aruba,1973,0,0,"0/1.00 = 0.0000"
Aruba,1974,0,0,"0/1.00 = 0.0000"
Aruba,1975,0,0,"0/1.00 = 0.0000"
Aruba,1976,0,0,"0/1.00 = 0.0000"
Aruba,1977,0,0,"0/1.00 = 0.0000"
Aruba,1978,0,0,"0/1.00 = 0.0000"
Aruba,1979,0,0,"0/1.00 = 0.0000"
Aruba,1980,0,0,"0/1.00 = 0.0000"
Aruba,1981,0,0,"0/1.00 = 0.0000"
Aruba,1982,0,0,"0/1.00 = 0.0000"
Aruba,1983,0,0,"0/1.00 = 0.0000"
Aruba,1984,0,0,"0/1.00 = 0.0000"
Aruba,1985,0,0,"0/1.00 = 0.0000"
Aruba,1986,0,0,"0/1.00 = 0.0000"
Aruba,1987,0,0,"0/1.00 = 0.0000"
Aruba,1988,0,0,"0/1.00 = 0.0000"
Aruba,1989,0,0,"0/1.00 = 0.0000"
Aruba,1990,0,0,"0/1.00 = 0.0000"
Aruba,1991,0,0,"0/1.00 = 0.0000"
Aruba,1992,0,0,"0/1.00 = 0.0000"
Aruba,1993,0,0,"0/1.00 = 0.0000"
Aruba,1994,0,0,"0/1.00 = 0.0000"
Aruba,1995,2,0,"2/1.00 = 2.0000"
Aruba,1996,4,0,"4/1.00 = 4.0000"
Aruba,1997,4,0,"4/1.00 = 4.0000"
Aruba,1998,6,0,"6/1.00 = 6.0000"
Aruba,1999,14,0,"14/1.00 = 14.0000"
Aruba,2000,17,0,"17/1.00 = 17.0000"
Aruba,2001,58,0,"58/1.00 = 58.0000"
Aruba,2002,67,0,"67/1.00 = 67.0000"
Aruba,2003,76,0,"76/1.00 = 76.0000"
Aruba,2004,105,0,"105/1.00 = 105.0000"
Aruba,2005,109,0,"109/1.00 = 109.0000"
Aruba,2006,114,0,"114/1.00 = 114.0000"
Aruba,2007,117,0,"117/1.00 = 117.0000"
Aruba,2008,123,0,"123/1.00 = 123.0000"
Aruba,2009,129,0,"129/1.00 = 129.0000"
Aruba,2010,131,0,"131/1.00 = 131.0000"
Aruba,2011,0,0,"0/1.00 = 0.0000"
Aruba,2012,132,0,"132/1.00 = 132.0000"
Aruba,2013,135,0,"135/1.00 = 135.0000"
Aruba,2014,135,0,"135/1.00 = 135.0000"
Aruba,2015,135,0,"135/1.00 = 135.0000"
Aruba,2016,0,0,"0/1.00 = 0.0000"
Aruba,2017,0,0,"0/1.00 = 0.0000"
Aruba,2018,0,0,"0/1.00 = 0.0000"
Aruba,2019,132,0,"132/1.00 = 132.0000"
Aruba,2020,132,0,"132/1.00 = 132.0000"
Aruba,2021,132,0,"132/1.00 = 132.0000"
Aruba,2022,0,0,"0/1.00 = 0.0000"
Australia,1960,0,0,"0/1.00 = 0.0000"
Australia,1961,0,0,"0/1.00 = 0.0000"
Australia,1962,0,0,"0/1.00 = 0.0000"
Australia,1963,0,0,"0/1.00 = 0.0000"
Australia,1964,0,0,"0/1.00 = 0.0000"
Australia,1965,0,0,"0/1.00 = 0.0000"
Australia,1966,0,0,"0/1.00 = 0.0000"
Australia,1967,0,0,"0/1.00 = 0.0000"
Australia,1968,0,0,"0/1.00 = 0.0000"
Australia,1969,0,0,"0/1.00 = 0.0000"
Australia,1970,0,0,"0/1.00 = 0.0000"
Australia,1971,0,0,"0/1.00 = 0.0000"
Australia,1972,0,0,"0/1.00 = 0.0000"
Australia,1973,0,0,"0/1.00 = 0.0000"
Australia,1974,0,0,"0/1.00 = 0.0000"
Australia,1975,0,0,"0/1.00 = 0.0000"
Australia,1976,0,0,"0/1.00 = 0.0000"
Australia,1977,0,0,"0/1.00 = 0.0000"
Australia,1978,0,0,"0/1.00 = 0.0000"
Australia,1979,0,0,"0/1.00 = 0.0000"
Australia,1980,0,0,"0/1.00 = 0.0000"
Australia,1981,0,0,"0/1.00 = 0.0000"
Australia,1982,0,0,"0/1.00 = 0.0000"
Australia,1983,0,0,"0/1.00 = 0.0000"
Australia,1984,0,0,"0/1.00 = 0.0000"
Australia,1985,0,0,"0/1.00 = 0.0000"
Australia,1986,0,0,"0/1.00 = 0.0000"
Australia,1987,0,0,"0/1.00 = 0.0000"
Australia,1988,0,0,"0/1.00 = 0.0000"
Australia,1989,1,0,"1/1.00 = 1.0000"
Australia,1990,1,0,"1/1.00 = 1.0000"
Australia,1991,2,0,"2/1.00 = 2.0000"
Australia,1992,3,0,"3/1.00 = 3.0000"
Australia,1993,4,0,"4/1.00 = 4.0000"
Australia,1994,7,0,"7/1.00 = 7.0000"
Australia,1995,13,0,"13/1.00 = 13.0000"
Australia,1996,22,0,"22/1.00 = 22.0000"
Australia,1997,25,0,"25/1.00 = 25.0000"
Australia,1998,26,0,"26/1.00 = 26.0000"
Australia,1999,34,0,"34/1.00 = 34.0000"
Australia,2000,45,0,"45/1.00 = 45.0000"
Australia,2001,58,0,"58/1.00 = 58.0000"
Australia,2002,65,0,"65/1.00 = 65.0000"
Australia,2003,73,0,"73/1.00 = 73.0000"
Australia,2004,83,0,"83/1.00 = 83.0000"
Australia,2005,91,0,"91/1.00 = 91.0000"
Australia,2006,97,0,"97/1.00 = 97.0000"
Australia,2007,102,0,"102/1.00 = 102.0000"
Australia,2008,104,0,"104/1.00 = 104.0000"
Australia,2009,102,0,"102/1.00 = 102.0000"
Australia,2010,102,0,"102/1.00 = 102.0000"
Australia,2011,106,0,"106/1.00 = 106.0000"
Australia,2012,107,0,"107/1.00 = 107.0000"
Australia,2013,108,0,"108/1.00 = 108.0000"
Australia,2014,107,0,"107/1.00 = 107.0000"
Australia,2015,108,0,"108/1.00 = 108.0000"
Australia,2016,110,0,"110/1.00 = 110.0000"
Australia,2017,108,0,"108/1.00 = 108.0000"
Australia,2018,111,0,"111/1.00 = 111.0000"
Australia,2019,110,0,"110/1.00 = 110.0000"
Australia,2020,105,0,"105/1.00 = 105.0000"
Australia,2021,105,0,"105/1.00 = 105.0000"
Australia,2022,107,0,"107/1.00 = 107.0000"
Austria,1960,0,0,"0/1.00 = 0.0000"
Austria,1961,0,0,"0/1.00 = 0.0000"
Austria,1962,0,0,"0/1.00 = 0.0000"
Austria,1963,0,0,"0/1.00 = 0.0000"
Austria,1964,0,0,"0/1.00 = 0.0000"
Austria,1965,0,0,"0/1.00 = 0.0000"
Austria,1966,0,0,"0/1.00 = 0.0000"
Austria,1967,0,0,"0/1.00 = 0.0000"
Austria,1968,0,0,"0/1.00 = 0.0000"
Austria,1969,0,0,"0/1.00 = 0.0000"
Austria,1970,0,0,"0/1.00 = 0.0000"
Austria,1971,0,0,"0/1.00 = 0.0000"
Austria,1972,0,0,"0/1.00 = 0.0000"
Austria,1973,0,0,"0/1.00 = 0.0000"
Austria,1974,0,0,"0/1.00 = 0.0000"
Austria,1975,0,0,"0/1.00 = 0.0000"
Austria,1976,0,0,"0/1.00 = 0.0000"
Austria,1977,0,0,"0/1.00 = 0.0000"
Austria,1978,0,0,"0/1.00 = 0.0000"
Austria,1979,0,0,"0/1.00 = 0.0000"
Austria,1980,0,0,"0/1.00 = 0.0000"
Austria,1981,0,0,"0/1.00 = 0.0000"
Austria,1982,0,0,"0/1.00 = 0.0000"
Austria,1983,0,0,"0/1.00 = 0.0000"
Austria,1984,0,0,"0/1.00 = 0.0000"
Austria,1985,0,0,"0/1.00 = 0.0000"
Austria,1986,0,0,"0/1.00 = 0.0000"
Austria,1987,0,0,"0/1.00 = 0.0000"
Austria,1988,0,0,"0/1.00 = 0.0000"
Austria,1989,1,0,"1/1.00 = 1.0000"
Austria,1990,1,0,"1/1.00 = 1.0000"
Austria,1991,1,0,"1/1.00 = 1.0000"
Austria,1992,2,0,"2/1.00 = 2.0000"
Austria,1993,3,0,"3/1.00 = 3.0000"
Austria,1994,4,0,"4/1.00 = 4.0000"
Austria,1995,5,0,"5/1.00 = 5.0000"
Austria,1996,8,0,"8/1.00 = 8.0000"
Austria,1997,15,0,"15/1.00 = 15.0000"
Austria,1998,29,0,"29/1.00 = 29.0000"
Austria,1999,53,0,"53/1.00 = 53.0000"
Austria,2000,76,0,"76/1.00 = 76.0000"
Austria,2001,81,0,"81/1.00 = 81.0000"
Austria,2002,83,0,"83/1.00 = 83.0000"
Austria,2003,90,0,"90/1.00 = 90.0000"
Austria,2004,98,0,"98/1.00 = 98.0000"
Austria,2005,105,0,"105/1.00 = 105.0000"
Austria,2006,112,0,"112/1.00 = 112.0000"
Austria,2007,119,0,"119/1.00 = 119.0000"
Austria,2008,130,0,"130/1.00 = 130.0000"
Austria,2009,137,0,"137/1.00 = 137.0000"
Austria,2010,146,0,"146/1.00 = 146.0000"
Austria,2011,155,0,"155/1.00 = 155.0000"
Austria,2012,161,0,"161/1.00 = 161.0000"
Austria,2013,157,0,"157/1.00 = 157.0000"
Austria,2014,152,0,"152/1.00 = 152.0000"
Austria,2015,156,0,"156/1.00 = 156.0000"
Austria,2016,127,0,"127/1.00 = 127.0000"
Austria,2017,123,0,"123/1.00 = 123.0000"
Austria,2018,124,0,"124/1.00 = 124.0000"
Austria,2019,121,0,"121/1.00 = 121.0000"
Austria,2020,120,0,"120/1.00 = 120.0000"
Austria,2021,122,0,"122/1.00 = 122.0000"
Austria,2022,123,0,"123/1.00 = 123.0000"
Azerbaijan,1960,0,0,"0/1.00 = 0.0000"
Azerbaijan,1961,0,0,"0/1.00 = 0.0000"
Azerbaijan,1962,0,0,"0/1.00 = 0.0000"
Azerbaijan,1963,0,0,"0/1.00 = 0.0000"
Azerbaijan,1964,0,0,"0/1.00 = 0.0000"
Azerbaijan,1965,0,0,"0/1.00 = 0.0000"
Azerbaijan,1966,0,0,"0/1.00 = 0.0000"
Azerbaijan,1967,0,0,"0/1.00 = 0.0000"
Azerbaijan,1968,0,0,"0/1.00 = 0.0000"
Azerbaijan,1969,0,0,"0/1.00 = 0.0000"
Azerbaijan,1970,0,0,"0/1.00 = 0.0000"
Azerbaijan,1971,0,0,"0/1.00 = 0.0000"
Azerbaijan,1972,0,0,"0/1.00 = 0.0000"
Azerbaijan,1973,0,0,"0/1.00 = 0.0000"
Azerbaijan,1974,0,0,"0/1.00 = 0.0000"
Azerbaijan,1975,0,0,"0/1.00 = 0.0000"
Azerbaijan,1976,0,0,"0/1.00 = 0.0000"
Azerbaijan,1977,0,0,"0/1.00 = 0.0000"
Azerbaijan,1978,0,0,"0/1.00 = 0.0000"
Azerbaijan,1979,0,0,"0/1.00 = 0.0000"
Azerbaijan,1980,0,0,"0/1.00 = 0.0000"
Azerbaijan,1981,0,0,"0/1.00 = 0.0000"
Azerbaijan,1982,0,0,"0/1.00 = 0.0000"
Azerbaijan,1983,0,0,"0/1.00 = 0.0000"
Azerbaijan,1984,0,0,"0/1.00 = 0.0000"
Azerbaijan,1985,0,0,"0/1.00 = 0.0000"
Azerbaijan,1986,0,0,"0/1.00 = 0.0000"
Azerbaijan,1987,0,0,"0/1.00 = 0.0000"
Azerbaijan,1988,0,0,"0/1.00 = 0.0000"
Azerbaijan,1989,0,0,"0/1.00 = 0.0000"
Azerbaijan,1990,0,0,"0/1.00 = 0.0000"
Azerbaijan,1991,0,0,"0/1.00 = 0.0000"
Azerbaijan,1992,0,0,"0/1.00 = 0.0000"
Azerbaijan,1993,0,0,"0/1.00 = 0.0000"
Azerbaijan,1994,0,0,"0/1.00 = 0.0000"
Azerbaijan,1995,0,0,"0/1.00 = 0.0000"
Azerbaijan,1996,0,0,"0/1.00 = 0.0000"
Azerbaijan,1997,1,0,"1/1.00 = 1.0000"
Azerbaijan,1998,1,0,"1/1.00 = 1.0000"
Azerbaijan,1999,5,0,"5/1.00 = 5.0000"
Azerbaijan,2000,5,0,"5/1.00 = 5.0000"
Azerbaijan,2001,9,0,"9/1.00 = 9.0000"
Azerbaijan,2002,9,0,"9/1.00 = 9.0000"
Azerbaijan,2003,13,0,"13/1.00 = 13.0000"
Azerbaijan,2004,17,0,"17/1.00 = 17.0000"
Azerbaijan,2005,26,0,"26/1.00 = 26.0000"
Azerbaijan,2006,38,0,"38/1.00 = 38.0000"
Azerbaijan,2007,51,0,"51/1.00 = 51.0000"
Azerbaijan,2008,73,0,"73/1.00 = 73.0000"
Azerbaijan,2009,85,0,"85/1.00 = 85.0000"
Azerbaijan,2010,99,0,"99/1.00 = 99.0000"
Azerbaijan,2011,108,0,"108/1.00 = 108.0000"
Azerbaijan,2012,107,0,"107/1.00 = 107.0000"
Azerbaijan,2013,105,0,"105/1.00 = 105.0000"
Azerbaijan,2014,108,0,"108/1.00 = 108.0000"
Azerbaijan,2015,108,0,"108/1.00 = 108.0000"
Azerbaijan,2016,102,0,"102/1.00 = 102.0000"
Azerbaijan,2017,101,0,"101/1.00 = 101.0000"
Azerbaijan,2018,102,0,"102/1.00 = 102.0000"
Azerbaijan,2019,105,0,"105/1.00 = 105.0000"
Azerbaijan,2020,101,0,"101/1.00 = 101.0000"
Azerbaijan,2021,105,0,"105/1.00 = 105.0000"
Azerbaijan,2022,107,0,"107/1.00 = 107.0000"
Bahamas,1960,0,0,"0/1.00 = 0.0000"
Bahamas,1961,0,0,"0/1.00 = 0.0000"
Bahamas,1962,0,0,"0/1.00 = 0.0000"
Bahamas,1963,0,0,"0/1.00 = 0.0000"
Bahamas,1964,0,0,"0/1.00 = 0.0000"
Bahamas,1965,0,0,"0/1.00 = 0.0000"
Bahamas,1966,0,0,"0/1.00 = 0.0000"
Bahamas,1967,0,0,"0/1.00 = 0.0000"
Bahamas,1968,0,0,"0/1.00 = 0.0000"
Bahamas,1969,0,0,"0/1.00 = 0.0000"
Bahamas,1970,0,0,"0/1.00 = 0.0000"
Bahamas,1971,0,0,"0/1.00 = 0.0000"
Bahamas,1972,0,0,"0/1.00 = 0.0000"
Bahamas,1973,0,0,"0/1.00 = 0.0000"
Bahamas,1974,0,0,"0/1.00 = 0.0000"
Bahamas,1975,0,0,"0/1.00 = 0.0000"
Bahamas,1976,0,0,"0/1.00 = 0.0000"
Bahamas,1977,0,0,"0/1.00 = 0.0000"
Bahamas,1978,0,0,"0/1.00 = 0.0000"
Bahamas,1979,0,0,"0/1.00 = 0.0000"
Bahamas,1980,0,0,"0/1.00 = 0.0000"
Bahamas,1981,0,0,"0/1.00 = 0.0000"
Bahamas,1982,0,0,"0/1.00 = 0.0000"
Bahamas,1983,0,0,"0/1.00 = 0.0000"
Bahamas,1984,0,0,"0/1.00 = 0.0000"
Bahamas,1985,0,0,"0/1.00 = 0.0000"
Bahamas,1986,0,0,"0/1.00 = 0.0000"
Bahamas,1987,0,0,"0/1.00 = 0.0000"
Bahamas,1988,0,0,"0/1.00 = 0.0000"
Bahamas,1989,0,0,"0/1.00 = 0.0000"
Bahamas,1990,1,0,"1/1.00 = 1.0000"
Bahamas,1991,1,0,"1/1.00 = 1.0000"
Bahamas,1992,1,0,"1/1.00 = 1.0000"
Bahamas,1993,1,0,"1/1.00 = 1.0000"
Bahamas,1994,0,0,"0/1.00 = 0.0000"
Bahamas,1995,1,0,"1/1.00 = 1.0000"
Bahamas,1996,2,0,"2/1.00 = 2.0000"
Bahamas,1997,2,0,"2/1.00 = 2.0000"
Bahamas,1998,3,0,"3/1.00 = 3.0000"
Bahamas,1999,5,0,"5/1.00 = 5.0000"
Bahamas,2000,10,0,"10/1.00 = 10.0000"
Bahamas,2001,18,0,"18/1.00 = 18.0000"
Bahamas,2002,37,0,"37/1.00 = 37.0000"
Bahamas,2003,36,0,"36/1.00 = 36.0000"
Bahamas,2004,54,0,"54/1.00 = 54.0000"
Bahamas,2005,66,0,"66/1.00 = 66.0000"
Bahamas,2006,72,0,"72/1.00 = 72.0000"
Bahamas,2007,105,0,"105/1.00 = 105.0000"
Bahamas,2008,99,0,"99/1.00 = 99.0000"
Bahamas,2009,98,0,"98/1.00 = 98.0000"
Bahamas,2010,115,0,"115/1.00 = 115.0000"
Bahamas,2011,79,0,"79/1.00 = 79.0000"
Bahamas,2012,79,0,"79/1.00 = 79.0000"
Bahamas,2013,74,0,"74/1.00 = 74.0000"
Bahamas,2014,81,0,"81/1.00 = 81.0000"
Bahamas,2015,79,0,"79/1.00 = 79.0000"
Bahamas,2016,91,0,"91/1.00 = 91.0000"
Bahamas,2017,89,0,"89/1.00 = 89.0000"
Bahamas,2018,97,0,"97/1.00 = 97.0000"
Bahamas,2019,105,0,"105/1.00 = 105.0000"
Bahamas,2020,115,0,"115/1.00 = 115.0000"
Bahamas,2021,97,0,"97/1.00 = 97.0000"
Bahamas,2022,99,0,"99/1.00 = 99.0000"
Bahrain,1960,0,0,"0/1.00 = 0.0000"
Bahrain,1961,0,0,"0/1.00 = 0.0000"
Bahrain,1962,0,0,"0/1.00 = 0.0000"
Bahrain,1963,0,0,"0/1.00 = 0.0000"
Bahrain,1964,0,0,"0/1.00 = 0.0000"
Bahrain,1965,0,0,"0/1.00 = 0.0000"
Bahrain,1966,0,0,"0/1.00 = 0.0000"
Bahrain,1967,0,0,"0/1.00 = 0.0000"
Bahrain,1968,0,0,"0/1.00 = 0.0000"
Bahrain,1969,0,0,"0/1.00 = 0.0000"
Bahrain,1970,0,0,"0/1.00 = 0.0000"
Bahrain,1971,0,0,"0/1.00 = 0.0000"
Bahrain,1972,0,0,"0/1.00 = 0.0000"
Bahrain,1973,0,0,"0/1.00 = 0.0000"
Bahrain,1974,0,0,"0/1.00 = 0.0000"
Bahrain,1975,0,0,"0/1.00 = 0.0000"
Bahrain,1976,0,0,"0/1.00 = 0.0000"
Bahrain,1977,0,0,"0/1.00 = 0.0000"
Bahrain,1978,0,0,"0/1.00 = 0.0000"
Bahrain,1979,0,0,"0/1.00 = 0.0000"
Bahrain,1980,0,0,"0/1.00 = 0.0000"
Bahrain,1981,0,0,"0/1.00 = 0.0000"
Bahrain,1982,0,0,"0/1.00 = 0.0000"
Bahrain,1983,0,0,"0/1.00 = 0.0000"
Bahrain,1984,0,0,"0/1.00 = 0.0000"
Bahrain,1985,0,0,"0/1.00 = 0.0000"
Bahrain,1986,0,0,"0/1.00 = 0.0000"
Bahrain,1987,0,0,"0/1.00 = 0.0000"
Bahrain,1988,1,0,"1/1.00 = 1.0000"
Bahrain,1989,1,0,"1/1.00 = 1.0000"
Bahrain,1990,1,0,"1/1.00 = 1.0000"
Bahrain,1991,1,0,"1/1.00 = 1.0000"
Bahrain,1992,2,0,"2/1.00 = 2.0000"
Bahrain,1993,2,0,"2/1.00 = 2.0000"
Bahrain,1994,3,0,"3/1.00 = 3.0000"
Bahrain,1995,5,0,"5/1.00 = 5.0000"
Bahrain,1996,6,0,"6/1.00 = 6.0000"
Bahrain,1997,9,0,"9/1.00 = 9.0000"
Bahrain,1998,14,0,"14/1.00 = 14.0000"
Bahrain,1999,19,0,"19/1.00 = 19.0000"
Bahrain,2000,29,0,"29/1.00 = 29.0000"
Bahrain,2001,41,0,"41/1.00 = 41.0000"
Bahrain,2002,52,0,"52/1.00 = 52.0000"
Bahrain,2003,57,0,"57/1.00 = 57.0000"
Bahrain,2004,78,0,"78/1.00 = 78.0000"
Bahrain,2005,85,0,"85/1.00 = 85.0000"
Bahrain,2006,94,0,"94/1.00 = 94.0000"
Bahrain,2007,107,0,"107/1.00 = 107.0000"
Bahrain,2008,130,0,"130/1.00 = 130.0000"
Bahrain,2009,119,0,"119/1.00 = 119.0000"
Bahrain,2010,129,0,"129/1.00 = 129.0000"
Bahrain,2011,140,0,"140/1.00 = 140.0000"
Bahrain,2012,173,0,"173/1.00 = 173.0000"
Bahrain,2013,175,0,"175/1.00 = 175.0000"
Bahrain,2014,178,0,"178/1.00 = 178.0000"
Bahrain,2015,185,0,"185/1.00 = 185.0000"
Bahrain,2016,212,0,"212/1.00 = 212.0000"
Bahrain,2017,162,0,"162/1.00 = 162.0000"
Bahrain,2018,141,0,"141/1.00 = 141.0000"
Bahrain,2019,128,0,"128/1.00 = 128.0000"
Bahrain,2020,120,0,"120/1.00 = 120.0000"
Bahrain,2021,131,0,"131/1.00 = 131.0000"
Bahrain,2022,145,0,"145/1.00 = 145.0000"
Bangladesh,1960,0,0,"0/1.00 = 0.0000"
Bangladesh,1961,0,0,"0/1.00 = 0.0000"
Bangladesh,1962,0,0,"0/1.00 = 0.0000"
Bangladesh,1963,0,0,"0/1.00 = 0.0000"
Bangladesh,1964,0,0,"0/1.00 = 0.0000"
Bangladesh,1965,0,0,"0/1.00 = 0.0000"
Bangladesh,1966,0,0,"0/1.00 = 0.0000"
Bangladesh,1967,0,0,"0/1.00 = 0.0000"
Bangladesh,1968,0,0,"0/1.00 = 0.0000"
Bangladesh,1969,0,0,"0/1.00 = 0.0000"
Bangladesh,1970,0,0,"0/1.00 = 0.0000"
Bangladesh,1971,0,0,"0/1.00 = 0.0000"
Bangladesh,1972,0,0,"0/1.00 = 0.0000"
Bangladesh,1973,0,0,"0/1.00 = 0.0000"
Bangladesh,1974,0,0,"0/1.00 = 0.0000"
Bangladesh,1975,0,0,"0/1.00 = 0.0000"
Bangladesh,1976,0,0,"0/1.00 = 0.0000"
Bangladesh,1977,0,0,"0/1.00 = 0.0000"
Bangladesh,1978,0,0,"0/1.00 = 0.0000"
Bangladesh,1979,0,0,"0/1.00 = 0.0000"
Bangladesh,1980,0,0,"0/1.00 = 0.0000"
Bangladesh,1981,0,0,"0/1.00 = 0.0000"
Bangladesh,1982,0,0,"0/1.00 = 0.0000"
Bangladesh,1983,0,0,"0/1.00 = 0.0000"
Bangladesh,1984,0,0,"0/1.00 = 0.0000"
Bangladesh,1985,0,0,"0/1.00 = 0.0000"
Bangladesh,1986,0,0,"0/1.00 = 0.0000"
Bangladesh,1987,0,0,"0/1.00 = 0.0000"
Bangladesh,1988,0,0,"0/1.00 = 0.0000"
Bangladesh,1989,0,0,"0/1.00 = 0.0000"
Bangladesh,1990,0,0,"0/1.00 = 0.0000"
Bangladesh,1991,0,0,"0/1.00 = 0.0000"
Bangladesh,1992,0,0,"0/1.00 = 0.0000"
Bangladesh,1993,0,0,"0/1.00 = 0.0000"
Bangladesh,1994,0,0,"0/1.00 = 0.0000"
Bangladesh,1995,0,0,"0/1.00 = 0.0000"
Bangladesh,1996,0,0,"0/1.00 = 0.0000"
Bangladesh,1997,0,0,"0/1.00 = 0.0000"
Bangladesh,1998,0,0,"0/1.00 = 0.0000"
Bangladesh,1999,0,0,"0/1.00 = 0.0000"
Bangladesh,2000,0,0,"0/1.00 = 0.0000"
Bangladesh,2001,0,0,"0/1.00 = 0.0000"
Bangladesh,2002,1,0,"1/1.00 = 1.0000"
Bangladesh,2003,1,0,"1/1.00 = 1.0000"
Bangladesh,2004,2,0,"2/1.00 = 2.0000"
Bangladesh,2005,6,0,"6/1.00 = 6.0000"
Bangladesh,2006,13,0,"13/1.00 = 13.0000"
Bangladesh,2007,24,0,"24/1.00 = 24.0000"
Bangladesh,2008,31,0,"31/1.00 = 31.0000"
Bangladesh,2009,35,0,"35/1.00 = 35.0000"
Bangladesh,2010,46,0,"46/1.00 = 46.0000"
Bangladesh,2011,56,0,"56/1.00 = 56.0000"
Bangladesh,2012,64,0,"64/1.00 = 64.0000"
Bangladesh,2013,76,0,"76/1.00 = 76.0000"
Bangladesh,2014,81,0,"81/1.00 = 81.0000"
